Cedula,Nombre,Apellido,Email,VehiculosRentados,Direccion,Activo
40128563,Julian,Herrera,jherrera0@gmail.com,0,123 Maple Street,true
35819674,Luisa,Gomez,lgomez1@yahoo.com,0,456 Elm Avenue,true
25196742,Diego,Rodriguez,drodriguez2@outlook.com,0,789 Pine Road,false
17683920,Sofia,Martinez,smartinez3@hotmail.com,0,234 Cedar Boulevard,true
32845106,Andres,Lopez,alopez4@domain.com,0,567 Oak Lane,false
29567318,Valeria,Fernandez,vfernandez5@icloud.com,0,891 Willow Way,true
18745362,Esteban,Castro,ecastrol6@google.com,0,345 Birch Circle,false
30348290,Natalia,Ruiz,nruiz7@aol.com,0,678 Cherry Drive,true
19827364,Daniel,Ramirez,dramirez8@domain.org,0,912 Ash Terrace,true
21457689,Camila,Torres,ctorres9@mail.com,0,132 Spruce Street,false
31678492,Ricardo,Vasquez,rvasqueza@live.com,0,454 Redwood Avenue,true
29481736,Isabel,Morales,imoralesb@myemail.com,0,789 Sycamore Road,true
21549837,Lucas,Silva,lsilvac@domain.net,0,987 Palm Court,false
17685934,Sara,Mendez,smendezd@yahoo.com,0,654 Fir Boulevard,true
28173945,Fernando,Gutierrez,fgutierreze@icloud.com,0,321 Cypress Lane,false
19463782,Laura,Garcia,lgarciaf@mail.net,0,876 Poplar Street,true
31425873,Jorge,Cruz,jcruzg@googlemail.com,0,567 Beech Avenue,true
20654879,Lucia,Hernandez,lhernandezh@domain.io,0,890 Maple Circle,false
25987134,Marcos,Ortiz,mortizi@gmail.com,0,432 Elm Terrace,true
31725849,Ana,Serrano,aserranok@yahoo.es,0,321 Oak Road,true
22745189,Pedro,Medina,pmedinal@domain.org,0,654 Pine Drive,false
30684917,Carolina,Navarro,cnavarrom@domain.com,0,978 Cedar Boulevard,true
19783624,Javier,Perez,jperezn@hotmail.com,0,432 Willow Court,false
21596473,Adriana,Rojas,arojaso@icloud.com,0,765 Birch Lane,true
30845126,Carlos,Flores,cfloresp@mail.com,0,123 Spruce Drive,true
29175864,Paula,Gonzalez,pgonzalezq@domain.net,0,876 Ash Avenue,false
18826531,Juan,Vargas,jvargasr@google.com,0,342 Redwood Boulevard,true
29746385,Mariana,Salazar,msalazars@live.com,0,654 Cherry Way,true
21458679,Pablo,Luna,plunat@domain.org,0,432 Beech Road,false
32375948,Elena,Diaz,ediazu@mail.com,0,876 Sycamore Street,true
